School_Names,lat,lng
ORCHARD COLLEGIATE ACADEMY,40.7134455,-73.9860332
UNIVERSITY NEIGHBORHOOD HIGH SCHOOL,40.7121857,-73.9842031
EAST SIDE COMMUNITY SCHOOL,40.7291086,-73.98252769999999
FORSYTH SATELLITE ACADEMY,40.7221984,-73.9907155
MARTA VALLE HIGH SCHOOL,40.7201995,-73.9860534
LOWER EAST SIDE PREPARATORY HIGH SCHOOL,40.720088,-73.9860332
"NEW EXPLORATIONS INTO SCIENCE, TECHNOLOGY AND MATH HIGH SCHOOL",40.7195551,-73.9791599
CASCADES HIGH SCHOOL,40.7221756,-73.99063199999999
BARD HIGH SCHOOL EARLY COLLEGE,40.7183927,-73.9758609
47 THE AMERICAN SIGN LANGUAGE AND ENGLISH SECONDARY SCHOOL,40.7387769,-73.9814014
THE URBAN ASSEMBLY SCHOOL FOR EMERGENCY MANAGEMENT,40.7110316,-74.0013216
STEPHEN T. MATHER BUILDING ARTS & CRAFTSMANSHIP HIGH SCHOOL,40.76399929999999,-73.9908346
THE CLINTON SCHOOL,40.7363036,-73.99243799999999
MANHATTAN EARLY COLLEGE SCHOOL FOR ADVERTISING,40.7112769,-74.00118379999999
URBAN ASSEMBLY MAKER ACADEMY,40.7109122,-74.001774
FOOD AND FINANCE HIGH SCHOOL,40.7653073,-73.9922821
ESSEX STREET ACADEMY,40.717876,-73.98873309999999
HIGH SCHOOL OF HOSPITALITY MANAGEMENT,40.7654144,-73.9932508
PACE HIGH SCHOOL,40.7161208,-73.99405279999999
"URBAN ASSEMBLY SCHOOL OF DESIGN AND CONSTRUCTION, THE",40.765536,-73.993163
"FACING HISTORY SCHOOL, THE",40.7652264,-73.99280159999999
"URBAN ASSEMBLY ACADEMY OF GOVERNMENT AND LAW, THE",40.7173735,-73.98946409999999
LOWER MANHATTAN ARTS ACADEMY,40.717149,-73.9895797
"JAMES BALDWIN SCHOOL, THE: A SCHOOL FOR EXPEDITIONARY LEARNING",40.7432281,-74.002426
"URBAN ASSEMBLY SCHOOL OF BUSINESS FOR YOUNG WOMEN, THE",40.7054423,-74.01288819999999
GRAMERCY ARTS HIGH SCHOOL,40.7354278,-73.9872741
NYC ISCHOOL,40.7247073,-74.00501779999999
MANHATTAN BUSINESS ACADEMY,40.743132,-74.00249579999999
BUSINESS OF SPORTS SCHOOL,40.7638592,-73.99035429999999
EMMA LAZARUS HIGH SCHOOL,40.71651869999999,-73.993222
THE HIGH SCHOOL FOR LANGUAGE AND DIPLOMACY,40.7354158,-73.98723489999999
HIGH SCHOOL FOR ENVIRONMENTAL STUDIES,40.767972,-73.9881832
INSTITUTE FOR COLLABORATIVE EDUCATION,40.7326687,-73.9825816
PROFESSIONAL PERFORMING ARTS HIGH SCHOOL,40.761226,-73.9886092
BARUCH COLLEGE CAMPUS HIGH SCHOOL,40.7418014,-73.98595619999999
N.Y.C. LAB SCHOOL FOR COLLABORATIVE STUDIES,40.7424197,-74.0026322
SCHOOL OF THE FUTURE HIGH SCHOOL,39.9753756,-75.2033601
N.Y.C. MUSEUM SCHOOL,40.7424285,-74.00265329999999
ELEANOR ROOSEVELT HIGH SCHOOL,40.7702619,-73.9533328
MILLENNIUM HIGH SCHOOL,40.7046172,-74.01123249999999
LANDMARK HIGH SCHOOL,40.7432281,-74.002426
HIGH SCHOOL FOR HEALTH PROFESSIONS AND HUMAN SERVICES,40.7325522,-73.98267229999999
QUEST TO LEARN,40.74313050000001,-74.0025192
LEADERSHIP AND PUBLIC SERVICE HIGH SCHOOL,40.70902419999999,-74.0123569
MANHATTAN ACADEMY FOR ARTS & LANGUAGE,40.7463061,-73.9811402
LEGACY SCHOOL FOR INTEGRATED STUDIES,40.7361516,-73.9958022
MURRAY HILL ACADEMY,40.74642130000001,-73.9811631
HUDSON HIGH SCHOOL OF LEARNING TECHNOLOGIES,40.7432238,-74.0024232
INTERNATIONAL HIGH SCHOOL AT UNION SQUARE,40.735446,-73.9873416
MANHATTAN VILLAGE ACADEMY,40.7419471,-73.9922881
BAYARD RUSTIN EDUCATIONAL COMPLEX,40.7435786,-74.0026279
SEWARD PARK HS,40.7172358,-73.98933989999999
VANGUARD HIGH SCHOOL,40.7653683,-73.9596962
MANHATTAN INTERNATIONAL HIGH SCHOOL,40.7656305,-73.9592411
WASHINGTON IRVING HS,40.7354677,-73.987393
STUYVESANT HIGH SCHOOL,40.7178149,-74.0138422
HIGH SCHOOL OF ECONOMICS AND FINANCE,40.7091844,-74.0122153
UNITY CENTER FOR URBAN TECHNOLOGIES,40.74642130000001,-73.9811631
URBAN ASSEMBLY GATEWAY SCHOOL FOR TECHNOLOGY,40.763701,-73.99061739999999
TALENT UNLIMITED HIGH SCHOOL,40.7659527,-73.96010509999999
MURRY BERGTRAUM HIGH SCHOOL FOR BUSINESS CAREERS,40.7113104,-74.0018829
JACQUELINE KENNEDY ONASSIS HIGH SCHOOL,40.7577819,-73.98341649999999
REPERTORY COMPANY HIGH SCHOOL FOR THEATRE ARTS,40.7560092,-73.9845362
UNION SQUARE ACADEMY FOR HEALTH SCIENCES,40.7354911,-73.9874171
HARVEST COLLEGIATE HIGH SCHOOL,40.7361513,-73.99580139999999
PARK WEST HS,40.7653419,-73.9930778
MANHATTAN BRIDGES HIGH SCHOOL,40.7652101,-73.9927627
NEW DESIGN HIGH SCHOOL,40.71724620000001,-73.98937289999999
INDEPENDENCE HIGH SCHOOL,40.7391052,-74.2141603
HIGH SCHOOL FOR DUAL LANGUAGE AND ASIAN STUDIES,40.7173573,-73.9894724
ACADEMY FOR SOFTWARE ENGINEERING,40.735543,-73.987478
LIBERTY HIGH SCHOOL ACADEMY FOR NEWCOMERS,40.7418275,-74.00024619999999
URBAN ASSEMBLY NEW YORK HARBOR SCHOOL,40.690387,-74.02052599999999
HIGH SCHOOL M560 - CITY AS SCHOOL,40.7291147,-74.0061546
URBAN ACADEMY LABORATORY HIGH SCHOOL,40.7653683,-73.9596962
SATELLITE ACADEMY HIGH SCHOOL,40.7475241,-73.990437
MANHATTAN COMPREHENSIVE NIGHT AND DAY HIGH SCHOOL,40.7326871,-73.9843369
RICHARD R. GREEN HIGH SCHOOL OF TEACHING,40.7050989,-74.0128466
HARVEY MILK HIGH SCHOOL,40.7298791,-73.99258309999999
THE HIGH SCHOOL OF FASHION INDUSTRIES,40.7454641,-73.9965141
HUMANITIES PREPARATORY ACADEMY,40.7431615,-74.0025033
CHELSEA CAREER AND TECHNICAL EDUCATION HIGH SCHOOL,40.7247073,-74.00501779999999
NORMAN THOMAS HS,40.7463214,-73.9811295
HS OF GRAPHIC COMMUNICATION ARTS,40.7639856,-73.9903637
ART AND DESIGN HIGH SCHOOL,40.759375,-73.966293
THE HIGH SCHOOL FOR CLIMATE JUSTICE,40.767972,-73.9881832
SCHOOL FOR THE PHYSICAL CITY,40.7361554,-73.99581119999999
MANHATTAN THEATRE LAB HS,40.7747617,-73.9846771
THE MAXINE GREENE HS FOR IMAGINATIVE INQUIRY,40.7746699,-73.9857955
"URBAN ASSEMBLY SCHOOL FOR MEDIA STUDIES, THE",40.7746699,-73.9857955
THE URBAN ASSEMBLY SCHOOL FOR GREEN CAREERS,40.785994,-73.97417
THE GLOBAL LEARNING COLLABORATIVE,40.7859664,-73.974391
INNOVATION DIPLOMA PLUS,40.78567290000001,-73.9740479
WADLEIGH SECONDARY SCHOOL FOR THE PERFORMING & VISUAL ARTS,40.8025923,-73.9544319
FRANK MCCOURT HIGH SCHOOL,40.785861,-73.9745414
LOUIS D BRANDEIS HS,40.7860105,-73.9740956
BEACON HIGH SCHOOL,40.76147820000001,-73.9960638
FIORELLO H. LAGUARDIA HIGH SCHOOL OF MUSIC & ART AND PERFORMING ARTS,40.7741856,-73.9851211
MARTIN LUTHER KING JR ACADEMY,40.2310507,-74.7579409
"HIGH SCHOOL FOR LAW, ADVOCACY AND COMMUNITY JUSTICE",40.7747617,-73.9846771
HIGH SCHOOL OF ARTS AND TECHNOLOGY,40.7753897,-73.9860564
EDWARD A. REYNOLDS WEST SIDE HIGH SCHOOL,40.7972732,-73.96668799999999
MANHATTAN / HUNTER SCIENCE HIGH SCHOOL,40.7746651,-73.98578429999999
SPECIAL MUSIC SCHOOL,40.77520639999999,-73.9831573
FREDERICK DOUGLASS ACADEMY II SECONDARY SCHOOL,40.8025691,-73.95412139999999
THE JUDITH S. KAYE SCHOOL,40.7838848,-73.9451078
ESPERANZA PREPARATORY ACADEMY,40.7930489,-73.94265109999999
COALITION SCHOOL FOR SOCIAL CHANGE,40.79921059999999,-73.9334681
MANHATTAN CENTER FOR SCIENCE AND MATHEMATICS,40.7943048,-73.93341749999999
PARK EAST HIGH SCHOOL,40.7903273,-73.94409019999999
CENTRAL PARK EAST HIGH SCHOOL,40.7936899,-73.9491583
YOUNG WOMEN'S LEADERSHIP SCHOOL,40.792831,-73.94724380000001
ACADEMY OF ENVIRONMENTAL SCIENCE SECONDARY HS,40.7851506,-73.9421705
"HERITAGE SCHOOL, THE",40.7919316,-73.9468018
URBAN PEACE ACADEMY,40.7993154,-73.9339517
EAGLE ACADEMY FOR YOUNG MEN OF HARLEM,40.8172843,-73.9475176
THE URBAN ASSEMBLY SCHOOL FOR GLOBAL COMMERCE,40.8066295,-73.9384397
HARLEM RENAISSANCE HIGH SCHOOL,40.807763,-73.93995699999999
MOTT HALL HIGH SCHOOL,40.817349,-73.94745
COLUMBIA SECONDARY SCHOOL,40.8106437,-73.95602869999999
ACADEMY FOR SOCIAL ACTION,40.6034831,-74.17402539999999
URBAN ASSEMBLY SCHOOL FOR THE PERFORMING ARTS,40.8154776,-73.9555255
CHOIR ACADEMY OF HARLEM,40.8068568,-73.93898039999999
FREDERICK DOUGLASS ACADEMY,40.8242589,-73.9367966
THURGOOD MARSHALL ACADEMY FOR LEARNING AND SOCIAL CHANGE,40.8153498,-73.9442595
BREAD & ROSES INTEGRATED ARTS HS,40.8174101,-73.94747079999999
"HIGH SCHOOL FOR MATHEMATICS, SCIENCE AND ENGINEERING AT CITY COLLEGE",40.8213658,-73.94880239999999
INWOOD EARLY COLLEGE FOR HEALTH AND INFORMATION TECHNOLOGIES,40.86562920000001,-73.92504050000001
CITY COLLEGE ACADEMY OF THE ARTS,40.8608456,-73.93014939999999
COMMUNITY HEALTH ACADEMY OF THE HEIGHTS,40.833611,-73.94219439999999
WASHINGTON HEIGHTS EXPEDITIONARY LEARNING SCHOOL,40.8490995,-73.9311065
HIGH SCHOOL FOR EXCELLENCE AND INNOVATION,40.8659143,-73.925157
THE COLLEGE ACADEMY,40.8562269,-73.9262547
HIGH SCHOOL FOR MEDIA AND COMMUNICATIONS,40.8562269,-73.9262547
HIGH SCHOOL FOR LAW AND PUBLIC SERVICE,40.8560809,-73.9258943
HIGH SCHOOL FOR HEALTH CAREERS AND SCIENCES,40.8560809,-73.9258943
A. PHILIP RANDOLPH CAMPUS HIGH SCHOOL,40.8182599,-73.9497294
GREGORIO LUPERON HIGH SCHOOL FOR SCIENCE AND MATHEMATICS,40.8382348,-73.9385319
SOUTH BRONX PREPARATORY: A COLLEGE BOARD SCHOOL,40.8137231,-73.9206428
THE LABORATORY SCHOOL OF FINANCE AND TECHNOLOGY: X223,40.81324980000001,-73.92065389999999
"H.E.R.O. HIGH (HEALTH, EDUCATION, AND RESEARCH OCCUPATIONS HIGH SCHOOL)",40.8105027,-73.90719050000001
INTERNATIONAL COMMUNITY HIGH SCHOOL,40.8098575,-73.9181638
JILL CHAIFETZ TRANSFER HIGH SCHOOL,40.81903330000001,-73.9056372
BRONX HAVEN HIGH SCHOOL,40.8184262,-73.9200097
COMMUNITY SCHOOL FOR SOCIAL JUSTICE,40.8156741,-73.9301357
SOUTH BRONX HS,40.8180246,-73.9113974
MOTT HAVEN VILLAGE PREPARATORY HIGH SCHOOL,40.81827819999999,-73.9117284
UNIVERSITY HEIGHTS SECONDARY SCHOOL,40.8182091,-73.9113217
HOSTOS-LINCOLN ACADEMY OF SCIENCE,40.8182828,-73.9276623
FOREIGN LANGUAGE ACADEMY OF GLOBAL STUDIES,40.810911,-73.90928389999999
BRONX DESIGN AND CONSTRUCTION ACADEMY,40.8184258,-73.9200085
BRONX LEADERSHIP ACADEMY II HIGH SCHOOL,40.8224234,-73.9229508
NEW EXPLORERS HIGH SCHOOL,40.8225734,-73.9235453
CAREERS IN SPORTS HIGH SCHOOL,40.8225735,-73.9235453
THE URBAN ASSEMBLY BRONX ACADEMY OF LETTERS,40.8137007,-73.9260609
MOTT HAVEN COMMUNITY HIGH SCHOOL,40.8104399,-73.9076822
ALFRED E. SMITH CAREER AND TECHNICAL EDUCATION HIGH SCHOOL,40.8189084,-73.9200159
SAMUEL GOMPERS CAREER AND TECHNICAL EDUCATION HS,40.8102249,-73.90730289999999
HEALTH OPPORTUNITIES HIGH SCHOOL,40.815542,-73.9304433
BRONX STUDIO SCHOOL FOR WRITERS AND ARTISTS,40.8204279,-73.8931157
WOMEN'S ACADEMY OF EXCELLENCE,40.8149223,-73.85634859999999
RENAISSANCE HIGH SCHOOL FOR MUSICAL THEATER AND THE ARTS,40.8401731,-73.8393567
GATEWAY SCHOOL FOR ENVIRONMENTAL RESEARCH AND TECHNOLOGY,40.7722914,-73.9879069
PABLO NERUDA ACADEMY,40.8213444,-73.85567329999999
MILLENNIUM ART ACADEMY,40.8211879,-73.8567936
PELHAM LAB HIGH SCHOOL,40.8393964,-73.8388837
HOLCOMBE L RUCKER SCHOOL OF COMMUNITY RESEARCH,40.75419,-73.9917475
SCHUYLERVILLE PREPARATORY HIGH SCHOOL,40.8401731,-73.8393567
BRONX RIVER HIGH SCHOOL,40.8394785,-73.83887039999999
"ARCHIMEDES ACADEMY FOR MATH, SCIENCE AND TECHNOLOGY APPLICATIONS",40.814864,-73.856335
ANTONIA PANTOJA PREPARATORY ACADEMY: A COLLEGE BOARD SCHOOL,40.8215141,-73.85541409999999
BRONX COMMUNITY HIGH SCHOOL,40.8213444,-73.85567329999999
HERBERT H. LEHMAN HIGH SCHOOL,40.8402023,-73.83899679999999
BRONX BRIDGES HIGH SCHOOL,40.8214475,-73.8556542
ADLAI E STEVENSON HS,40.8215141,-73.85541409999999
GOTHAM COLLABORATIVE HIGH SCHOOL,40.8209495,-73.85554499999999
FELISA RINCON DE GAUTIER INSTITUTE FOR LAW AND PUBLIC POLICY THE,40.8211129,-73.8807549
LONGWOOD PREPARATORY ACADEMY,40.8176439,-73.8980239
BRONX ARENA HIGH SCHOOL,40.8210901,-73.8811252
SCHOOL FOR COMMUNITY RESEARCH AND LEARNING,40.6586422,-73.9286789
WESTCHESTER SQUARE ACADEMY,40.8400627,-73.838045
SCHOOL FOR TOURISM AND HOSPITALITY,40.821851,-73.902849
BRONX ACADEMY HS,40.8210877,-73.8811248
BRONX COMPASS HIGH SCHOOL,40.8213228,-73.855699
JANE ADDAMS HS FOR ACADEMIC CAREERS,40.8217168,-73.90245
NEW SCHOOL FOR ARTS AND SCIENCES,40.8161344,-73.88511940000001
BRONX COLLEGIATE ACADEMY,40.839614,-73.911386
EAGLE ACADEMY FOR YOUNG MEN,40.845264,-73.897176
URBAN ASSEMBLY ACADEMY FOR HISTORY AND CITIZENSHIP FOR YOUNG MEN,40.703897,-74.0118394
"URBAN ASSEMBLY SCHOOL FOR APPLIED MATH AND SCIENCE, THE",40.8393786,-73.9016513
EXIMIUS COLLEGE PREPARATORY ACADEMY: A COLLEGE BOARD SCHOOL,40.8338772,-73.9024931
MOTT HALL BRONX HIGH SCHOOL,40.8391296,-73.9017915
BRONX CENTER FOR SCIENCE AND MATHEMATICS,40.8335109,-73.9027378
VALIDUS PREPARATORY ACADEMY,40.8395651,-73.9015445
LEADERSHIP INSTITUTE,40.0724901,-75.1318877
MORRIS ACADEMY FOR COLLABORATIVE STUDIES,40.8273076,-73.9045274
BRONX EARLY COLLEGE ACADEMY FOR TEACHING & LEARNING,40.8282932,-73.9174939
COMPREHENSIVE MODEL SCHOOL PROJECT M.S. 327,40.8432195,-73.9160047
DREAMYARD PREPARATORY SCHOOL,40.8396259,-73.9113888
NEW DIRECTIONS SECONDARY SCHOOL,,
ACADEMY FOR LANGUAGE AND TECHNOLOGY,40.84931599999999,-73.9156856
BRONX INTERNATIONAL HIGH SCHOOL,40.8269334,-73.90355339999999
SCHOOL FOR EXCELLENCE,40.8273076,-73.9045274
BRONX HIGH SCHOOL OF BUSINESS,40.83965449999999,-73.911386
BRONX HIGH SCHOOL FOR MEDICAL SCIENCE,40.8398672,-73.9111588
JONATHAN LEVIN HS FOR MEDIA AND COMMUNICATIONS,40.8398672,-73.9111588
"BRONX SCHOOL FOR LAW, GOVERNMENT AND JUSTICE",40.8274689,-73.9188614
FREDERICK DOUGLASS ACADEMY III SECONDARY SCHOOL,40.83348549999999,-73.9043324
BRONX LEADERSHIP ACADEMY HIGH SCHOOL,40.8434363,-73.9031401
HIGH SCHOOL FOR VIOLIN AND DANCE,40.8273076,-73.9045274
CLAREMONT INTERNATIONAL HS,40.83961530000001,-73.9117717
YOUNG WOMEN'S LEADERSHIP SCHOOL OF THE BRONX,40.8488295,-73.9087618
RIVERDALE / KINGSBRIDGE ACADEMY (MIDDLE SCHOOL / HIGH SCHOOL 141),40.8877008,-73.91360499999999
BRONX ENGINEERING AND TECHNOLOGY ACADEMY,40.8777961,-73.9135665
THEATRE ARTS PRODUCTION COMPANY SCHOOL,40.8545104,-73.8969966
"THE MARIE CURIE SCHOOL FOR MEDICINE, NURSING, AND HEALTH PROFESSIONS",40.8756817,-73.9016086
WEST BRONX ACADEMY FOR THE FUTURE,40.8599092,-73.88834109999999
BRONX ACADEMY FOR SOFTWARE ENGINEERING (BASE),40.8555424,-73.88264339999999
KINGSBRIDGE INTERNATIONAL HIGH SCHOOL,40.8701132,-73.8964878
BRONX SCHOOL OF LAW AND FINANCE,40.87782670000001,-73.9137832
PROVIDING URBAN LEARNERS SUCCESS IN EDUCATION HIGH SCHOOL,40.8481654,-73.8934806
INTERNATIONAL SCHOOL FOR LIBERAL ARTS,40.8704419,-73.8969425
BRONX COLLABORATIVE HIGH SCHOOL,40.8812165,-73.8875851
WORLD VIEW HIGH SCHOOL,40.8815591,-73.8868091
IN-TECH ACADEMY (M.S. / HIGH SCHOOL 368),40.8790763,-73.91129529999999
KNOWLEDGE AND POWER PREPARATORY ACADEMY INTERNATIONAL HIGH SCHOOL (KAPPA),40.859837,-73.8882078
ENGLISH LANGUAGE LEARNERS AND INTERNATIONAL SUPPORT PREPARATORY ACADEMY (ELLIS),40.8770374,-73.9128109
WILLIAM H TAFT HS,40.8394459,-73.9118711
WALTON HS,40.8706673,-73.897646
HIGH SCHOOL FOR TEACHING AND THE PROFESSIONS,40.8707784,-73.897505
BELMONT PREPARATORY HIGH SCHOOL,40.8596644,-73.88801629999999
THEODORE ROOSEVELT HS,40.859085,-73.888359
FORDHAM HIGH SCHOOL FOR THE ARTS,40.859836,-73.8882002
FORDHAM LEADERSHIP ACADEMY,40.8598708,-73.8882672
BRONX HIGH SCHOOL FOR LAW AND COMMUNITY SERVICE,40.8596908,-73.888067
DEWITT CLINTON HIGH SCHOOL,40.8815104,-73.8868206
"CELIA CRUZ BRONX HIGH SCHOOL OF MUSIC, THE",40.87085070000001,-73.8974495
THE BRONX HIGH SCHOOL OF SCIENCE,40.8779214,-73.8913054
JOHN F KENNEDY HS,40.5720826,-74.3042561
MARBLE HILL HIGH SCHOOL FOR INTERNATIONAL STUDIES,40.8776626,-73.913269
CROTONA INTERNATIONAL HIGH SCHOOL,40.8554177,-73.8826606
BRONX THEATRE HIGH SCHOOL,40.87769309999999,-73.91333
DISCOVERY HIGH SCHOOL,40.870834,-73.8974623
HIGH SCHOOL FOR ENERGY AND TECHNOLOGY,40.8553415,-73.88269939999999
GRACE DODGE CAREER AND TECHNICAL EDUCATION HS,40.8554629,-73.8825928
HIGH SCHOOL OF AMERICAN STUDIES AT LEHMAN COLLEGE,40.8746797,-73.8950764
BRONX HEALTH SCIENCES HIGH SCHOOL,40.8740132,-73.8330379
BRONX HIGH SCHOOL FOR WRITING AND COMMUNICATION ARTS,40.8755648,-73.8614302
BRONX LAB SCHOOL,40.8755689,-73.8614429
ACADEMY FOR SCHOLARSHIP AND ENTREPRENEURSHIP: A COLLEGE BOARD SCHOOL,40.8879842,-73.8538228
HIGH SCHOOL OF COMPUTERS AND TECHNOLOGY,40.8754718,-73.86119459999999
COLLEGIATE INSTITUTE FOR MATH AND SCIENCE,40.8603477,-73.85997549999999
BRONX ACADEMY OF HEALTH CAREERS,40.8755631,-73.8614249
ASTOR COLLEGIATE ACADEMY,40.8600984,-73.8599839
CHRISTOPHER COLUMBUS HS,40.859904,-73.86031919999999
BRONX HIGH SCHOOL FOR THE VISUAL ARTS,40.8517393,-73.86448589999999
EVANDER CHILDS HS,40.8755679,-73.8614399
HARRY S TRUMAN HIGH SCHOOL,40.1345962,-74.861358
BRONXDALE HIGH SCHOOL,40.860235,-73.85997929999999
HIGH SCHOOL OF LANGUAGE AND INNOVATION,40.8603265,-73.85997619999999
NEW WORLD HIGH SCHOOL,40.8880411,-73.8529037
THE BRONXWOOD PREPARATORY ACADEMY,40.888008,-73.8528001
GLOBAL ENTERPRISE HS,40.7119031,-73.94046639999999
PELHAM PREPARATORY ACADEMY,40.8603308,-73.8599761
HIGH SCHOOL FOR CONTEMPORARY ARTS,40.8755679,-73.8614399
BRONX AEROSPACE HIGH SCHOOL,40.8755654,-73.8614327
MOTT HALL V,40.8321853,-73.8773634
NEW DAY ACADEMY,40.82743929999999,-73.9006359
"METROPOLITAN HIGH SCHOOL, THE",40.708753,-73.8558
EXPLORATIONS ACADEMY H.S.,40.8363157,-73.8907414
PERFORMANCE CONSERVATORY HS,40.761226,-73.9886092
BRONX LATIN,40.8277047,-73.9006169
EAST BRONX ACADEMY FOR THE FUTURE,40.8368694,-73.8878433
PEACE AND DIVERSITY ACADEMY,40.8277551,-73.89707539999999
CROTONA ACADEMY HIGH SCHOOL,40.8293118,-73.8920828
URBAN ASSEMBLY SCHOOL FOR WILDLIFE CONSERVATION,40.8440162,-73.8845513
PAN AMERICAN INTERNATIONAL HIGH SCHOOL AT MONROE,40.8324641,-73.8788494
ARTURO A. SCHOMBURG SATELLITE ACADEMY BRONX,40.8232858,-73.89873419999999
THE CINEMA SCHOOL,40.8320496,-73.87734329999999
BRONX CAREER AND COLLEGE PREPARATORY HIGH SCHOOL,40.8274283,-73.90059029999999
BRONX REGIONAL HIGH SCHOOL,40.8233177,-73.8987455
BRONX ENVISION ACADEMY,40.8363157,-73.8907414
THE METROPOLITAN SOUNDVIEW HIGH SCHOOL,40.8320592,-73.8787546
HIGH SCHOOL OF WORLD CULTURES,40.8320592,-73.8787546
BRONX COALITION COMMUNITY HS,40.8319947,-73.8787416
FANNIE LOU HAMER FREEDOM HIGH SCHOOL,40.8311242,-73.88568839999999
WINGS ACADEMY,40.8416176,-73.87519379999999
MONROE ACADEMY FOR BUSINESSLAW,40.83204509999999,-73.8783844
MONROE ACADEMY FOR VISUAL ARTS & DESIGN,40.831969,-73.8787467
DR. SUSAN S. MCKINNEY SECONDARY SCHOOL OF THE ARTS,40.6969046,-73.9759851
ACADEMY OF BUSINESS AND COMMUNITY DEVELOPMENT,40.27006129999999,-74.7769539
URBAN ASSEMBLY SCHOOL OF MUSIC AND ART,40.6975124,-73.98469949999999
BROOKLYN COMMUNITY ARTS & MEDIA HIGH SCHOOL (BCAM),40.6919469,-73.9586747
"SCIENCE SKILLS CENTER HIGH SCHOOL FOR SCIENCE, TECHNOLOGY AND THE CREATIVE ARTS",40.6975151,-73.9847829
BROOKLYN TECHNICAL HIGH SCHOOL,40.6890878,-73.9767351
BROOKLYN INTERNATIONAL HIGH SCHOOL,40.6975179,-73.9848666
THE URBAN ASSEMBLY SCHOOL FOR LAW AND JUSTICE,40.6944935,-73.9885235
ACORN COMMUNITY HIGH SCHOOL,40.6785851,-73.9619443
FREEDOM ACADEMY HS,40.6984181,-73.9865245
URBAN ASSEMBLY INSTITUTE OF MATH AND SCIENCE FOR YOUNG WOMEN,40.69464929999999,-73.9885236
BROOKLYN ACADEMY HIGH SCHOOL,40.6846198,-73.9475537
BEDFORD STUYVESANT PREPARATORY HIGH SCHOOL,40.6820023,-73.9452586
GOTHAM PROFESSIONAL ARTS ACADEMY,40.6785573,-73.9619541
BEDFORD ACADEMY HIGH SCHOOL,40.6854484,-73.9541584
GEORGE WESTINGHOUSE CAREER AND TECHNICAL EDUCATION HIGH SCHOOL,40.6958355,-73.9856023
BROOKLYN HIGH SCHOOL FOR LEADERSHIP AND COMMUNITY SERVICE,40.6917732,-73.9584849
BENJAMIN BANNEKER ACADEMY,40.042487,-74.90111019999999
"CITY POLYTECHNIC HIGH SCHOOL OF ENGINEERING, ARCHITECTURE, AND TECHNOLOGY",40.6958473,-73.9856835
JUAN MOREL CAMPOS SECONDARY SCHOOL,40.7038726,-73.95397559999999
FOUNDATIONS ACADEMY,40.2238987,-74.7769587
"BROOKLYN LATIN SCHOOL, THE",40.7097999,-73.9440072
THE WILLIAMSBURG HIGH SCHOOL OF ART AND TECHNOLOGY,40.7097782,-73.9441904
PROGRESS HIGH SCHOOL FOR PROFESSIONAL CAREERS,40.7119673,-73.94004989999999
EAST WILLIAMSBURG SCHOLARS ACADEMY,40.7112012,-73.93891289999999
"THE HIGH SCHOOL FOR ENTERPRISE, BUSINESS AND TECHNOLOGY",40.7119031,-73.94046639999999
BROOKLYN PREPARATORY HIGH SCHOOL,40.71582799999999,-73.95540129999999
WILLIAMSBURG HIGH SCHOOL FOR ARCHITECTURE AND DESIGN,40.715844,-73.9553841
WILLIAMSBURG PREPARATORY SCHOOL,40.7152412,-73.9542981
LYONS COMMUNITY SCHOOL,40.709729,-73.9443861
A-TECH HIGH SCHOOL,40.7220162,-73.9538965
YOUNG WOMEN'S LEADERSHIP SCHOOL OF BROOKLYN,40.70497599999999,-73.938767
FRANCES PERKINS ACADEMY,40.7222353,-73.95329389999999
HARRY VAN ARSDALE HS,40.7158221,-73.9554076
EL PUENTE ACADEMY FOR PEACE AND JUSTICE,40.70572180000001,-73.9556504
AGNES Y HUMPHREY SCHOOL FOR LEADERSHIP,40.6775108,-74.00458189999999
BROOKLYN FRONTIERS HIGH SCHOOL,40.6900029,-73.989221
DIGITAL ARTS AND CINEMA TECHNOLOGY HIGH SCHOOL,40.6851261,-73.99433560000001
BROOKLYN COLLABORATIVE STUDIES,40.6795695,-74.0018865
JOHN JAY HS,40.6694848,-73.97909539999999
JOHN JAY SCHOOL FOR LAW,40.6694922,-73.9788435
CYBERARTS STUDIO ACADEMY,40.6694314,-73.9788951
PARK SLOPE COLLEGIATE,40.6695576,-73.9790898
THE BOERUM HILL SCHOOL FOR INTERNATIONAL STUDIES,40.684855,-73.99290739999999
COBBLE HILL SCHOOL OF AMERICAN STUDIES,40.6851337,-73.9907743
PACIFIC HS,40.6900029,-73.989221
WEST BROOKLYN COMMUNITY HIGH SCHOOL,40.6427801,-73.9925404
METROPOLITAN CORPORATE ACADEMY HS,40.686403,-73.9797142
KHALIL GIBRAN INTERNATIONAL ACADEMY,40.686403,-73.9797142
BROOKLYN HIGH SCHOOL OF THE ARTS,40.6838067,-73.9804
SUNSET PARK HIGH SCHOOL,40.65516160000001,-74.0040776
MILLENNIUM BROOKLYN HS,40.6694314,-73.9788951
SOUTH BROOKLYN COMMUNITY HIGH SCHOOL,40.6778393,-74.0141929
FREDERICK DOUGLASS ACADEMY IV SECONDARY SCHOOL,40.8242589,-73.9367966
BOYS AND GIRLS HIGH SCHOOL,40.6784744,-73.93161769999999
BROOKLYN HIGH SCHOOL FOR LAW AND TECHNOLOGY,40.6884532,-73.9207644
RESEARCH AND SERVICE HIGH SCHOOL,40.6789269,-73.9314917
THE BROOKLYN ACADEMY OF GLOBAL FINANCE,40.6918403,-73.933163
NELSON MANDELA HIGH SCHOOL,40.67890329999999,-73.9314906
PATHWAYS IN TECHNOLOGY EARLY COLLEGE HIGH SCHOOL (P-TECH),40.6758612,-73.9390006
ACADEMY FOR COLLEGE PREPARATION AND CAREER EXPLORATION: A COLLEGE BOARD SCHOOL,40.6492936,-73.9582307
ACADEMY OF HOSPITALITY AND TOURISM,40.649564,-73.95829040000001
PROSPECT HEIGHTS HS,40.6699636,-73.9615536
HS FOR SCIENCE & MATH AT ERASMUS HALL CAMPUS,40.6495527,-73.95828960000001
HS FOR HUMANITIES AT ERASMUS HALL CAMPUS,40.6495527,-73.95828960000001
GEORGE WINGATE HS,40.659109,-73.9430868
HS FOR BUSINESS & TECHNOLOGY,40.7337256,-73.73977599999999
WEB DUBOIS ACADEMIC HIGH SCHOOL,40.6696784,-73.95516839999999
INTERNATIONAL HIGH SCHOOL AT PROSPECT HEIGHTS,40.6699636,-73.9615536
THE HIGH SCHOOL FOR GLOBAL CITIZENSHIP,40.66995610000001,-73.9611201
"SCHOOL FOR HUMAN RIGHTS, THE",40.6594626,-73.9431943
SCHOOL FOR DEMOCRACY AND LEADERSHIP,40.6590114,-73.9438681
HIGH SCHOOL FOR YOUTH AND COMMUNITY DEVELOPMENT AT ERASMUS,40.6492936,-73.9582307
HIGH SCHOOL FOR SERVICE & LEARNING AT ERASMUS,40.6492936,-73.9582307
"SCIENCE, TECHNOLOGY AND RESEARCH EARLY COLLEGE HIGH SCHOOL AT ERASMUS",40.649411,-73.9571945
INTERNATIONAL ARTS BUSINESS SCHOOL,40.7377781,-73.85339259999999
HIGH SCHOOL FOR PUBLIC SERVICE: HEROES OF TOMORROW,40.6593652,-73.9431462
BROOKLYN ACADEMY OF SCIENCE AND THE ENVIRONMENT,40.67004070000001,-73.96102859999999
BROOKLYN SCHOOL FOR MUSIC & THEATRE,40.6700279,-73.96105519999999
BROWNSVILLE ACADEMY HIGH SCHOOL,40.6663936,-73.924087
MEDGAR EVERS COLLEGE PREPARATORY SCHOOL,40.6667613,-73.951213
CLARA BARTON HIGH SCHOOL,40.6694253,-73.9617791
PAUL ROBESON HS,39.9569111,-75.205913
ASPIRATIONS DIPLOMA PLUS HIGH SCHOOL,40.6696784,-73.95516839999999
BROOKLYN INSTITUTE FOR LIBERAL ARTS,40.6590347,-73.94314570000002
ACADEMY FOR HEALTH CAREERS,40.6759187,-73.9391928
SAMUEL J TILDEN HS,40.6483665,-73.92230909999999
CANARSIE HS,40.640443,-73.8987798
SOUTH SHORE HS,40.6336447,-73.9169685
IT TAKES A VILLAGE ACADEMY,40.6479027,-73.9227101
BROOKLYN COMMUNITY HIGH SCHOOL FOR EXCELLENCE AND EQUITY,40.6337812,-73.9173504
BROOKLYN THEATRE ARTS HIGH SCHOOL,40.6330748,-73.91752559999999
KURT HAHN EXPEDITIONARY LEARNING SCHOOL,40.6484092,-73.9223137
VICTORY COLLEGIATE HIGH SCHOOL,40.6335601,-73.9173831
BROOKLYN BRIDGE ACADEMY,40.6334402,-73.9173518
ARTS & MEDIA PREPARATORY ACADEMY,40.6586374,-73.9287567
HIGH SCHOOL FOR INNOVATION IN ADVERTISING AND MEDIA,40.6405565,-73.8979655
CULTURAL ACADEMY FOR THE ARTS AND SCIENCES,40.6480377,-73.9223391
HIGH SCHOOL FOR MEDICAL PROFESSIONS,40.6407472,-73.89791679999999
OLYMPUS ACADEMY,40.6460464,-73.89827919999999
ACADEMY FOR CONSERVATION AND THE ENVIRONMENT,40.63315240000001,-73.9171504
URBAN ACTION ACADEMY,40.640423,-73.8984517
EAST BROOKLYN COMMUNITY HIGH SCHOOL,40.6597946,-73.9206428
ACADEMY FOR YOUNG WRITERS,40.6573631,-73.8742544
EAST NEW YORK FAMILY ACADEMY,40.6610129,-73.8863138
FRANKLIN K LANE HS,40.6928503,-73.8689912
SPRING CREEK COMMUNITY SCHOOL,40.6572071,-73.8741383
THOMAS JEFFERSON HS,40.6669804,-73.89482029999999
FDNY - CAPTAIN VERNON A. RICHARD HIGH SCHOOL FOR FIRE AND LIFE SAFETY,40.6669734,-73.8948185
HIGH SCHOOL FOR CIVIL RIGHTS,40.6668279,-73.894781
PERFORMING ARTS AND TECHNOLOGY HIGH SCHOOL,40.6669176,-73.8948041
WORLD ACADEMY FOR TOTAL COMMUNITY HEALTH HIGH SCHOOL,40.6669372,-73.8948091
MULTICULTURAL HIGH SCHOOL,40.0114875,-75.1504456
TRANSIT TECH CAREER AND TECHNICAL EDUCATION HIGH SCHOOL,40.6787847,-73.8752841
ACADEMY OF INNOVATIVE TECHNOLOGY,40.6928503,-73.8689912
BROOKLYN LAB SCHOOL,40.6928503,-73.8689912
CYPRESS HILLS COLLEGIATE PREPARATORY SCHOOL,40.69300519999999,-73.8690682
W. H. MAXWELL CAREER AND TECHNICAL EDUCATION HIGH SCHOOL,40.6738562,-73.8961578
SCHOOL FOR CLASSICS HIGH SCHOOL,40.6700476,-73.8746657
THE URBAN ASSEMBLY SCHOOL FOR COLLABORATIVE HEALTHCARE,40.6929603,-73.8690232
THE EAST NEW YORK ARTS AND CIVICS HIGH SCHOOL,40.6598567,-73.88542819999999
NEW UTRECHT HIGH SCHOOL,40.6132201,-74.0031056
HIGH SCHOOL OF TELECOMMUNICATION ARTS AND TECHNOLOGY,40.6368194,-74.0234028
FORT HAMILTON HIGH SCHOOL,40.6269932,-74.0401285
FRANKLIN DELANO ROOSEVELT HIGH SCHOOL,40.6210904,-73.9822429
URBAN ASSEMBLY SCHOOL FOR LEADERSHIP AND EMPOWERMENT,40.634825,-73.98192449999999
INTERNATIONAL HIGH SCHOOL AT LAFAYETTE,40.594005,-73.98575459999999
RACHEL CARSON HIGH SCHOOL FOR COASTAL STUDIES,40.5827409,-73.9722116
HIGH SCHOOL OF SPORTS MANAGEMENT,40.5939843,-73.9857203
LAFAYETTE HS,40.594005,-73.98575459999999
ABRAHAM LINCOLN HIGH SCHOOL,40.0442037,-75.0419129
KINGSBOROUGH EARLY COLLEGE SCHOOL,40.59400790000001,-73.9857595
EDWARD R. MURROW HIGH SCHOOL,40.61985079999999,-73.9591523
JOHN DEWEY HIGH SCHOOL,40.5873209,-73.9824892
LIFE ACADEMY HIGH SCHOOL FOR FILM AND MUSIC,40.5940376,-73.9858091
LEADERS HIGH SCHOOL,40.5939843,-73.9857203
WILLIAM E. GRADY CAREER AND TECHNICAL EDUCATION HIGH SCHOOL,40.5827695,-73.96370809999999
BROOKLYN STUDIO SECONDARY SCHOOL,40.6047643,-73.9951396
LIBERATION DIPLOMA PLUS,40.5771312,-73.9858464
MIDWOOD HIGH SCHOOL,40.6327995,-73.95259879999999
JAMES MADISON HIGH SCHOOL,40.6104633,-73.9476865
SHEEPSHEAD BAY HS,40.59372339999999,-73.936978
LEON M. GOLDSTEIN HIGH SCHOOL FOR THE SCIENCES,40.5804143,-73.9351779
BROOKLYN COLLEGE ACADEMY,40.6492165,-73.97194
BROOKLYN COMPREHENSIVE NIGHT HIG,40.7326871,-73.9843369
ORIGINS HIGH SCHOOL,40.5934398,-73.9367824
PROFESSIONAL PATHWAYS HIGH SCHOOL,40.5934143,-73.9367893
BROOKLYN COLLEGIATE: A COLLEGE BOARD SCHOOL,40.6742727,-73.91346279999999
FREDERICK DOUGLASS ACADEMY VII HIGH SCHOOL,40.6654401,-73.91204929999999
BROOKLYN DEMOCRACY ACADEMY,40.6556945,-73.90644910000002
EAGLE ACADEMY FOR YOUNG MEN II,40.6779005,-73.9156193
EBCENY HS FOR PUBLIC SAFETY,40.69471679999999,-73.929277
METROPOLITAN DIPLOMA PLUS HIGH SCHOOL,40.6555024,-73.9069276
TEACHERS PREPARATORY HIGH SCHOOL,40.6655376,-73.9118177
INTERNATIONAL HIGH SCHOOL FOR HEALTH SCIENCES,40.7408346,-73.8739962
ACADEMY OF FINANCE AND ENTERPRISE,40.7445853,-73.93694169999999
HIGH SCHOOL OF APPLIED COMMUNICATION,40.7447908,-73.9378414
CIVIC LEADERSHIP ACADEMY,40.7434324,-73.8714707
PAN AMERICAN INTERNATIONAL HIGH SCHOOL,40.7436375,-73.8708705
BARD HIGH SCHOOL EARLY COLLEGE QUEENS,40.7445949,-73.9378807
NEWTOWN HIGH SCHOOL,40.7411032,-73.87396629999999
GROVER CLEVELAND HIGH SCHOOL,40.7114458,-73.908879
MIDDLE COLLEGE HIGH SCHOOL AT LAGUARDIA COMMUNITY COLLEGE,40.7433295,-73.9333269
INTERNATIONAL HIGH SCHOOL AT LAGUARDIA COMMUNITY COLLEGE,40.7439998,-73.9350125
HIGH SCHOOL FOR ARTS AND BUSINESS,40.7377781,-73.85339259999999
"ROBERT F. WAGNER, JR. SECONDARY SCHOOL FOR ARTS AND TECHNOLOGY",40.7414926,-73.9368968
MASPETH HIGH SCHOOL,40.7291993,-73.8876918
QUEENS TECHNICAL HIGH SCHOOL,40.7419766,-73.9279902
AVIATION CAREER & TECHNICAL EDUCATION HIGH SCHOOL,40.743581,-73.9292176
VOYAGES PREPARATORY,40.7432205,-73.8714268
VERITAS ACADEMY,40.76501030000001,-73.8268537
QUEENS HIGH SCHOOL FOR LANGUAGE STUDIES,40.7647247,-73.8277083
"QUEENS SCHOOL OF INQUIRY, THE",40.7246166,-73.8108642
FLUSHING INTERNATIONAL HIGH SCHOOL,40.7600404,-73.8180648
EAST-WEST SCHOOL OF INTERNATIONAL STUDIES,40.7492327,-73.8214862
WORLD JOURNALISM PREPARATORY: A COLLEGE BOARD SCHOOL,40.7653711,-73.78948129999999
JOHN BOWNE HIGH SCHOOL,40.73853870000001,-73.82398429999999
FLUSHING HIGH SCHOOL,40.7648631,-73.82639209999999
TOWNSEND HARRIS HIGH SCHOOL,40.7349463,-73.8216156
QUEENS ACADEMY HIGH SCHOOL,40.7655562,-73.8285641
ROBERT F. KENNEDY COMMUNITY HIGH SCHOOL,40.7253501,-73.8113253
NORTH QUEENS COMMUNITY HIGH SCHOOL,40.7205612,-73.81964719999999
BUSINESS TECHNOLOGY EARLY COLLEGE HIGH SCHOOL,40.7337256,-73.73977599999999
BENJAMIN N. CARDOZO HIGH SCHOOL,40.7517895,-73.75644299999999
FRANCIS LEWIS HIGH SCHOOL,40.7408835,-73.7950066
MARTIN VAN BUREN HIGH SCHOOL,40.7336309,-73.7391435
BAYSIDE HIGH SCHOOL,40.771482,-73.78080709999999
"QUEENS HIGH SCHOOL OF TEACHING, LIBERAL ARTS AND THE SCIENCES",40.744121,-73.728799
FREDERICK DOUGLASS ACADEMY VI HIGH SCHOOL,40.601532,-73.76397899999999
VOYAGES PREP - SOUTH QUEENS,40.6750189,-73.7832739
CHANNEL VIEW SCHOOL FOR RESEARCH,40.5863205,-73.8238186
"QUEENS HIGH SCHOOL FOR INFORMATION, RESEARCH, AND TECHNOLOGY",40.601532,-73.76397899999999
ROBERT H. GODDARD HIGH SCHOOL OF COMMUNICATION ARTS AND TECHNOLOGY,40.671035,-73.8456739
ACADEMY OF MEDICAL TECHNOLOGY: A COLLEGE BOARD SCHOOL,40.6015311,-73.7639639
EPIC HIGH SCHOOL - SOUTH,40.67546,-73.8163654
SCHOLARS' ACADEMY,40.5842665,-73.8251698
ROCKAWAY PARK HIGH SCHOOL FOR ENVIRONMENTAL SUSTAINABILITY,40.58656209999999,-73.8235926
EPIC HIGH SCHOOL - NORTH,40.692682,-73.8291229
ROCKAWAY COLLEGIATE HIGH SCHOOL,40.5863205,-73.8238186
AUGUST MARTIN HIGH SCHOOL,40.6750189,-73.7832739
BEACH CHANNEL HS,40.5863647,-73.8226562
FAR ROCKAWAY HS,40.6021789,-73.7640569
RICHMOND HILL HIGH SCHOOL,40.6949628,-73.8340733
JOHN ADAMS HIGH SCHOOL,40.6786025,-73.8369699
"HIGH SCHOOL FOR CONSTRUCTION TRADES, ENGINEERING AND ARCHITECTURE",40.6892334,-73.8412058
METROPOLITAN EXPEDITIONARY LEARNING SCHOOL,40.70885759999999,-73.8561537
YORK EARLY COLLEGE ACADEMY,40.6975599,-73.78676500000002
QUEENS COLLEGIATE: A COLLEGE BOARD SCHOOL,40.71432859999999,-73.79844109999999
HILLSIDE ARTS & LETTERS ACADEMY,40.7143356,-73.7979482
HIGH SCHOOL FOR COMMUNITY LEADERSHIP,40.71432859999999,-73.79844109999999
QUEENS SATELLITE HIGH SCHOOL FOR OPPORTUNITY,40.708351,-73.799646
JAMAICA GATEWAY TO THE SCIENCES,40.71443319999999,-73.79825240000001
FOREST HILLS HIGH SCHOOL,40.7297115,-73.84492589999999
JAMAICA HS,40.71443319999999,-73.79825240000001
HILLCREST HIGH SCHOOL,40.6257426,-74.3276075
THOMAS A. EDISON CAREER AND TECHNICAL EDUCATION HIGH SCHOOL,40.7162714,-73.7983076
QUEENS GATEWAY TO HEALTH SCIENCES SECONDARY SCHOOL,40.7184027,-73.8058922
QUEENS METROPOLITAN HIGH SCHOOL,40.708753,-73.8558
QUEENS HIGH SCHOOL FOR THE SCIENCES AT YORK COLLEGE,40.7009286,-73.7983153
HIGH SCHOOL FOR LAW ENFORCEMENT AND PUBLIC SAFETY,40.6860509,-73.7835331
"YOUNG WOMEN'S LEADERSHIP SCHOOL, QUEENS",40.708341,-73.80416149999999
INSTITUTE FOR HEALTH PROFESSIONS AT CAMBRIA HEIGHTS,40.6982373,-73.74609079999999
QUEENS PREPARATORY ACADEMY,40.6676524,-73.7574605
PATHWAYS COLLEGE PREPARATORY SCHOOL: A COLLEGE BOARD SCHOOL,40.7054848,-73.7529797
EXCELSIOR PREPARATORY HIGH SCHOOL,40.6680413,-73.7579342
GEORGE WASHINGTON CARVER HIGH SCHOOL FOR THE SCIENCES,40.6675163,-73.7576065
PREPARATORY ACADEMY FOR WRITERS: A COLLEGE BOARD SCHOOL,40.6675872,-73.75817420000001
BENJAMIN FRANKLIN HIGH SCHOOL FOR FINANCE & INFORMATION TECHNOLOGY,40.6979432,-73.7398755
CAMBRIA HEIGHTS ACADEMY,40.7116415,-73.7710829
EAGLE ACADEMY FOR YOUNG MEN III,40.845264,-73.897176
SPRINGFIELD GARDENS HS,40.6677176,-73.75741839999999
"MATHEMATICS, SCIENCE RESEARCH AND TECHNOLOGY MAGNET HIGH SCHOOL",40.6977258,-73.7464863
LAW GOVERNMENT AND COMMUNITY SERVICE HS,40.698328,-73.74615
BUSINESS COMPUTER APPLICATIONS & ENTREPRENEURSHIP HS,40.698328,-73.74615
HUMANITIES & ARTS MAGNET HIGH SCHOOL,40.6984853,-73.7452697
ENERGY TECH HIGH SCHOOL,40.7566283,-73.9328613
"YOUNG WOMEN'S LEADERSHIP SCHOOL, ASTORIA",40.7711886,-73.9241922
ACADEMY FOR CAREERS IN TELEVISION AND FILM,40.7426929,-73.9595368
WILLIAM CULLEN BRYANT HIGH SCHOOL,40.7576896,-73.91037779999999
LONG ISLAND CITY HIGH SCHOOL,40.7657451,-73.9329135
FRANK SINATRA SCHOOL OF THE ARTS HIGH SCHOOL,40.7560998,-73.9251673
INFORMATION TECHNOLOGY HIGH SCHOOL,40.748572,-73.94666029999999
NEWCOMERS HIGH SCHOOL,40.7514246,-73.93709609999999
ACADEMY OF AMERICAN STUDIES,40.7512494,-73.93746809999999
BACCALAUREATE SCHOOL FOR GLOBAL EDUCATION,40.7551566,-73.9269738
THE EAGLE ACADEMY FOR YOUNG MEN OF STATEN ISLAND,40.6241218,-74.0828391
CSI HIGH SCHOOL FOR INTERNATIONAL STUDIES,40.5819258,-74.1585989
GAYNOR MCCOWN EXPEDITIONARY LEARNING SCHOOL,40.5817828,-74.1588897
THE MICHAEL J. PETRIDES SCHOOL,40.608634,-74.10509290000002
NEW DORP HIGH SCHOOL,40.5699022,-74.10676260000001
PORT RICHMOND HIGH SCHOOL,40.6351288,-74.142217
CURTIS HIGH SCHOOL,40.6453915,-74.0821734
TOTTENVILLE HIGH SCHOOL,40.5279412,-74.1921115
SUSAN E. WAGNER HIGH SCHOOL,40.5974853,-74.12491360000001
CONCORD HIGH SCHOOL,39.8299004,-75.52469830000001
RALPH R. MCKEE CAREER AND TECHNICAL EDUCATION HIGH SCHOOL,40.6426524,-74.07950459999999
STATEN ISLAND TECHNICAL HIGH SCHOOL,40.5679227,-74.11703469999999
THE BROOKLYN SCHOOL FOR MATH AND RESEARCH,40.6971081,-73.9114706
ACADEMY FOR EXCELLENCE IN LEADERSHIP,40.6970064,-73.9117456
BUSHWICK HS,40.6953944,-73.91530449999999
EBC HIGH SCHOOL FOR PUBLIC SERVICE - BUSHWICK,40.69471679999999,-73.929277
THE BROOKLYN SCHOOL FOR SOCIAL JUSTICE,40.6968994,-73.91119379999999
THE ACADEMY OF URBAN PLANNING AND ENGINEERING,40.6972803,-73.9110582
ALL CITY LEADERSHIP SECONDARY SCHOOL,40.6975923,-73.9131033
BUSHWICK LEADERS HIGH SCHOOL FOR ACADEMIC EXCELLENCE,40.6953387,-73.92744440000001
BUSHWICK COMMUNITY HIGH SCHOOL,40.6953944,-73.91530449999999
